[
null,
{"id":1,"expanded":true,"name":"Bedroom","order":3,"parentId":0,"scrollX":728,"scrollY":409.77777777777777},
{"id":2,"expanded":true,"name":"Bathroom","order":1,"parentId":0,"scrollX":728,"scrollY":409.77777777777777},
{"id":3,"expanded":true,"name":"slidingPuzzle1","order":2,"parentId":2,"scrollX":728,"scrollY":409.77777777777777},
{"id":4,"expanded":true,"name":"computer","order":6,"parentId":1,"scrollX":728,"scrollY":409.77777777777777},
{"id":5,"expanded":false,"name":"Bedroom2","order":5,"parentId":1,"scrollX":728,"scrollY":409.77777777777777},
{"id":6,"expanded":true,"name":"slidingPuzzle2","order":4,"parentId":1,"scrollX":728,"scrollY":409.77777777777777},
{"id":7,"expanded":true,"name":"slidingPuzzle3","order":10,"parentId":8,"scrollX":728,"scrollY":409.77777777777777},
{"id":8,"expanded":true,"name":"Kitchen/Living_Room","order":8,"parentId":0,"scrollX":728,"scrollY":409.77777777777777},
{"id":9,"expanded":false,"name":"KeyMaze","order":9,"parentId":8,"scrollX":720.8888888888889,"scrollY":477.3333333333333},
{"id":10,"expanded":false,"name":"whackAKyle","order":7,"parentId":4,"scrollX":652.6666666666666,"scrollY":399.6666666666667}
]