[
null,
{"id":1,"list":[{"code":111,"indent":0,"parameters":[12,"$gameMap.regionId($gameMap.event(this.eventId()).x, $gameMap.event(this.eventId()).y + 1) != 0"]},{"code":111,"indent":1,"parameters":[12,"$gameMap.event(this.eventId()).canPass($gameMap.event(this.eventId()).x, $gameMap.event(this.eventId()).y, 2)"]},{"code":355,"indent":2,"parameters":["console.log($gameMap.event(this.eventId()).canPass($gameMap.event(this.eventId()).x, $gameMap.event(this.eventId()).y, 2))"]},{"code":205,"indent":2,"parameters":[-1,{"list":[{"code":16,"indent":null},{"code":0}],"repeat":false,"skippable":false,"wait":false}]},{"code":505,"indent":2,"parameters":[{"code":16,"indent":null}]},{"code":250,"indent":2,"parameters":[{"name":"Push","volume":50,"pitch":120,"pan":0}]},{"code":205,"indent":2,"parameters":[0,{"list":[{"code":1,"indent":null},{"code":0}],"repeat":false,"skippable":false,"wait":true}]},{"code":505,"indent":2,"parameters":[{"code":1,"indent":null}]},{"code":121,"indent":2,"parameters":[1,1,0]},{"code":250,"indent":2,"parameters":[{"name":"sliding_puzzle","volume":90,"pitch":100,"pan":0}]},{"code":115,"indent":2,"parameters":[]},{"code":0,"indent":2,"parameters":[]},{"code":412,"indent":1,"parameters":[]},{"code":0,"indent":1,"parameters":[]},{"code":412,"indent":0,"parameters":[]},{"code":111,"indent":0,"parameters":[12,"$gameMap.regionId($gameMap.event(this.eventId()).x - 1, $gameMap.event(this.eventId()).y) != 0"]},{"code":111,"indent":1,"parameters":[12,"$gameMap.event(this.eventId()).canPass($gameMap.event(this.eventId()).x, $gameMap.event(this.eventId()).y, 4)"]},{"code":205,"indent":2,"parameters":[-1,{"list":[{"code":17,"indent":null},{"code":0}],"repeat":false,"skippable":false,"wait":false}]},{"code":505,"indent":2,"parameters":[{"code":17,"indent":null}]},{"code":250,"indent":2,"parameters":[{"name":"Push","volume":50,"pitch":120,"pan":0}]},{"code":205,"indent":2,"parameters":[0,{"list":[{"code":2,"indent":null},{"code":0}],"repeat":false,"skippable":false,"wait":true}]},{"code":505,"indent":2,"parameters":[{"code":2,"indent":null}]},{"code":121,"indent":2,"parameters":[1,1,0]},{"code":250,"indent":2,"parameters":[{"name":"sliding_puzzle","volume":90,"pitch":100,"pan":0}]},{"code":115,"indent":2,"parameters":[]},{"code":0,"indent":2,"parameters":[]},{"code":412,"indent":1,"parameters":[]},{"code":0,"indent":1,"parameters":[]},{"code":412,"indent":0,"parameters":[]},{"code":111,"indent":0,"parameters":[12,"$gameMap.regionId($gameMap.event(this.eventId()).x + 1, $gameMap.event(this.eventId()).y) != 0"]},{"code":111,"indent":1,"parameters":[12,"$gameMap.event(this.eventId()).canPass($gameMap.event(this.eventId()).x, $gameMap.event(this.eventId()).y, 6)"]},{"code":205,"indent":2,"parameters":[-1,{"list":[{"code":18,"indent":null},{"code":0}],"repeat":false,"skippable":false,"wait":false}]},{"code":505,"indent":2,"parameters":[{"code":18,"indent":null}]},{"code":250,"indent":2,"parameters":[{"name":"Push","volume":50,"pitch":120,"pan":0}]},{"code":205,"indent":2,"parameters":[0,{"list":[{"code":3,"indent":null},{"code":0}],"repeat":false,"skippable":false,"wait":true}]},{"code":505,"indent":2,"parameters":[{"code":3,"indent":null}]},{"code":121,"indent":2,"parameters":[1,1,0]},{"code":250,"indent":2,"parameters":[{"name":"sliding_puzzle","volume":90,"pitch":100,"pan":0}]},{"code":115,"indent":2,"parameters":[]},{"code":0,"indent":2,"parameters":[]},{"code":412,"indent":1,"parameters":[]},{"code":0,"indent":1,"parameters":[]},{"code":412,"indent":0,"parameters":[]},{"code":111,"indent":0,"parameters":[12,"$gameMap.regionId($gameMap.event(this.eventId()).x, $gameMap.event(this.eventId()).y - 1) != 0"]},{"code":111,"indent":1,"parameters":[12,"$gameMap.event(this.eventId()).canPass($gameMap.event(this.eventId()).x, $gameMap.event(this.eventId()).y, 8)"]},{"code":205,"indent":2,"parameters":[-1,{"list":[{"code":19,"indent":null},{"code":0}],"repeat":false,"skippable":false,"wait":false}]},{"code":505,"indent":2,"parameters":[{"code":19,"indent":null}]},{"code":250,"indent":2,"parameters":[{"name":"Push","volume":50,"pitch":120,"pan":0}]},{"code":205,"indent":2,"parameters":[0,{"list":[{"code":4,"indent":null},{"code":0}],"repeat":false,"skippable":false,"wait":true}]},{"code":505,"indent":2,"parameters":[{"code":4,"indent":null}]},{"code":121,"indent":2,"parameters":[1,1,0]},{"code":250,"indent":2,"parameters":[{"name":"sliding_puzzle","volume":90,"pitch":100,"pan":0}]},{"code":115,"indent":2,"parameters":[]},{"code":0,"indent":2,"parameters":[]},{"code":412,"indent":1,"parameters":[]},{"code":0,"indent":1,"parameters":[]},{"code":412,"indent":0,"parameters":[]},{"code":0,"indent":0,"parameters":[]}],"name":"sliding_puzzle","switchId":1,"trigger":0},
{"id":2,"list":[{"code":111,"indent":0,"parameters":[0,3,0]},{"code":121,"indent":1,"parameters":[3,3,1]},{"code":0,"indent":1,"parameters":[]},{"code":411,"indent":0,"parameters":[]},{"code":121,"indent":1,"parameters":[3,3,0]},{"code":0,"indent":1,"parameters":[]},{"code":412,"indent":0,"parameters":[]},{"code":0,"indent":0,"parameters":[]}],"name":"InventoryMenu","switchId":1,"trigger":0},
{"id":3,"list":[{"code":122,"indent":0,"parameters":[2,2,0,3,0,1,0]},{"code":122,"indent":0,"parameters":[3,3,0,3,0,2,0]},{"code":0,"indent":0,"parameters":[]}],"name":"InventoryItems","switchId":1,"trigger":0},
{"id":4,"list":[{"code":101,"indent":0,"parameters":["Olivia_face_2",0,2,0]},{"code":401,"indent":0,"parameters":["There is nothing interesting here"]},{"code":0,"indent":0,"parameters":[]}],"name":"NothingHere","switchId":1,"trigger":0},
{"id":5,"list":[{"code":0,"indent":0,"parameters":[]}],"name":"sliding_puzzle_finished","switchId":1,"trigger":0},
{"id":6,"list":[{"code":111,"indent":0,"parameters":[0,4,0]},{"code":203,"indent":1,"parameters":[1,0,0,0,0]},{"code":203,"indent":1,"parameters":[2,0,1,0,0]},{"code":203,"indent":1,"parameters":[3,0,2,0,0]},{"code":203,"indent":1,"parameters":[4,0,0,1,0]},{"code":203,"indent":1,"parameters":[5,0,1,1,0]},{"code":203,"indent":1,"parameters":[6,0,2,1,0]},{"code":203,"indent":1,"parameters":[7,0,0,2,0]},{"code":203,"indent":1,"parameters":[8,0,2,2,0]},{"code":0,"indent":1,"parameters":[]},{"code":412,"indent":0,"parameters":[]},{"code":0,"indent":0,"parameters":[]}],"name":"reset_puzzle","switchId":1,"trigger":0},
{"id":7,"list":[{"code":221,"indent":0,"parameters":[]},{"code":201,"indent":0,"parameters":[0,2,8,5,0,0]},{"code":322,"indent":0,"parameters":[1,"Olivia_body_2",0,"Olivia_face_2",0,""]},{"code":121,"indent":0,"parameters":[4,4,1]},{"code":222,"indent":0,"parameters":[]},{"code":0,"indent":0,"parameters":[]}],"name":"exit_puzzle","switchId":1,"trigger":0}
]