[{"type":"Text","Value":"Advil: ${$gameVariables.value(2)}","Condition":"$gameSwitches.value(3)","Layer":"0","Font":"GameFont","Max Width":"200","Align":"left","Font Size":"30","Text Color":"#ffffff","Text Alpha":"255","Outline Color":"#000000","Outline Alpha":"127","animateInfo":{"x":{"spd":0,"loop":false,"min":0,"max":0},"y":{"spd":0,"loop":false,"min":0,"max":0},"s":{"spd":0,"loop":false,"min":1,"max":1},"r":{"spd":0,"loop":false,"min":0,"max":0}},"id":1,"x":408,"y":312},{"type":"Text","Value":"Cup of Water: ${$gameVariables.value(3)}","Condition":"$gameSwitches.value(3)","Layer":"0","Font":"GameFont","Max Width":"200","Align":"left","Font Size":"30","Text Color":"#ffffff","Text Alpha":"255","Outline Color":"#000000","Outline Alpha":"127","animateInfo":{"x":{"spd":0,"loop":false,"min":0,"max":0},"y":{"spd":0,"loop":false,"min":0,"max":0},"s":{"spd":0,"loop":false,"min":1,"max":1},"r":{"spd":0,"loop":false,"min":0,"max":0}},"id":5,"x":408,"y":356},{"type":"Text","Value":"Press Enter to Interact","Condition":"!$gameSwitches.value(4)","Layer":"0","Font":"GameFont","Max Width":"300","Align":"center","Font Size":"30","Text Color":"#ffffff","Text Alpha":"255","Outline Color":"#000000","Outline Alpha":"127","animateInfo":{"x":{"spd":0,"loop":false,"min":0,"max":0},"y":{"spd":0,"loop":false,"min":0,"max":0},"s":{"spd":0,"loop":false,"min":1,"max":1},"r":{"spd":0,"loop":false,"min":0,"max":0}},"id":10,"x":408,"y":531},{"type":"Text","Value":"Press I for Inventory","Condition":"!$gameSwitches.value(4)","Layer":"0","Font":"GameFont","Max Width":"300","Align":"center","Font Size":"30","Text Color":"#ffffff","Text Alpha":"255","Outline Color":"#000000","Outline Alpha":"127","animateInfo":{"x":{"spd":0,"loop":false,"min":0,"max":0},"y":{"spd":0,"loop":false,"min":0,"max":0},"s":{"spd":0,"loop":false,"min":1,"max":1},"r":{"spd":0,"loop":false,"min":0,"max":0}},"id":11,"x":408,"y":566},{"type":"Text","Value":"Press R to Reset","Condition":"$gameSwitches.value(4)","Layer":"0","Font":"GameFont","Max Width":"300","Align":"center","Font Size":"30","Text Color":"#ffffff","Text Alpha":"255","Outline Color":"#000000","Outline Alpha":"127","animateInfo":{"x":{"spd":0,"loop":false,"min":0,"max":0},"y":{"spd":0,"loop":false,"min":0,"max":0},"s":{"spd":0,"loop":false,"min":1,"max":1},"r":{"spd":0,"loop":false,"min":0,"max":0}},"id":12,"x":408,"y":530},{"type":"Text","Value":"Press E To Exit","Condition":"$gameSwitches.value(4)","Layer":"0","Font":"GameFont","Max Width":"300","Align":"center","Font Size":"30","Text Color":"#ffffff","Text Alpha":"255","Outline Color":"#000000","Outline Alpha":"127","animateInfo":{"x":{"spd":0,"loop":false,"min":0,"max":0},"y":{"spd":0,"loop":false,"min":0,"max":0},"s":{"spd":0,"loop":false,"min":1,"max":1},"r":{"spd":0,"loop":false,"min":0,"max":0}},"id":13,"x":408,"y":567}]