{
"autoplayBgm":true,"autoplayBgs":false,"battleback1Name":"","battleback2Name":"","bgm":{"name":"bathroom-hazy","pan":0,"pitch":100,"volume":90},"bgs":{"name":"","pan":0,"pitch":100,"volume":90},"disableDashing":false,"displayName":"","encounterList":[],"encounterStep":30,"height":8,"note":"Zoom: 1.5\n<Filter:hangover,zoomblur,2>\n<SetFilter:hangover,5,5,5,10>","parallaxLoopX":false,"parallaxLoopY":false,"parallaxName":"","parallaxShow":true,"parallaxSx":0,"parallaxSy":0,"scrollType":0,"specifyBattleback":false,"tilesetId":7,"width":10,
"data":[6275,6275,6274,6274,6274,6274,6274,6274,6278,6279,6273,6281,6280,6280,6280,6280,6280,6280,6284,6277,6277,3666,3652,3652,3652,3652,3652,3652,3668,6277,6277,3648,3632,3632,3632,3632,3632,3632,3656,6277,6277,3648,3632,3632,3632,3632,3632,3632,3656,6285,6277,3648,3632,3632,3632,3632,3632,3632,3638,3665,6277,3672,3660,3660,3660,3660,3660,3660,3670,6279,6281,6283,6282,6282,6282,6282,6282,6282,6286,6285,0,0,0,0,0,0,0,0,0,0,0,0,0,0,0,0,0,0,0,0,0,0,0,0,0,0,0,0,0,0,0,0,0,0,0,0,0,0,0,0,0,0,0,0,0,0,0,0,0,0,0,0,0,0,0,0,0,0,0,0,0,0,0,0,0,0,0,0,0,0,0,0,0,0,0,0,0,0,0,0,0,0,0,0,0,0,0,0,0,0,0,0,0,0,0,423,0,0,533,0,0,0,0,0,0,0,0,0,0,0,0,0,0,0,0,0,0,0,0,0,0,0,0,0,0,0,0,0,0,0,0,489,0,0,0,0,0,0,0,0,0,0,0,501,502,0,0,0,549,0,0,0,0,0,0,0,0,0,0,0,0,256,257,365,366,0,421,0,517,0,0,264,265,373,374,422,429,558,525,0,0,272,273,381,382,0,437,566,541,0,0,280,281,0,0,0,0,0,0,0,0,384,385,0,0,0,0,0,0,0,0,392,393,0,0,0,0,0,0,0,0,497,488,463,463,0,0,468,469,0,0,0,0,0,0,0,0,0,0,0,0,0,0,0,0,0,0,0,0,0,0,0,0,0,0,0,0,0,0,0,0,5,0,0,0,0,0,0,0,0,0,5,0,0,0,0,0,0,0,0,0,5,0,0,0,0,0,0,0,0,0,5,0,0,0,0,0,0,0,0,0,5,0,0,0,0,0,0,0,0,0,0,0,0,0,0,0,0,0,0,0,0,0,0,0,0,0,0,0,0,0,0,0,0,0,0,0,0,0,0,0,0,0,0,0,0,0,0,0,0,0,0,0,0,0,0,0,0,0,0,0,0,0,0,0,0,0,0,0,0,0,0,0,0,0,0,0,0,0,0,0,0,0,0,0,0,0,0,0,0,0,0,0,0,0,0,0,0,0,0],
"events":[
null,
{"id":1,"name":"EV001","note":"","pages":[{"conditions":{"actorId":1,"actorValid":false,"itemId":1,"itemValid":false,"selfSwitchCh":"A","selfSwitchValid":false,"switch1Id":1,"switch1Valid":false,"switch2Id":1,"switch2Valid":false,"variableId":1,"variableValid":false,"variableValue":0},"directionFix":false,"image":{"characterIndex":0,"characterName":"","direction":2,"pattern":0,"tileId":0},"list":[{"code":111,"indent":0,"parameters":[0,6,0]},{"code":101,"indent":1,"parameters":["Olivia_face_2",0,1,0]},{"code":401,"indent":1,"parameters":[""]},{"code":401,"indent":1,"parameters":["Huh. \\|This looks\\..\\..\\.. \\.familiar."]},{"code":401,"indent":1,"parameters":["\\.Let me see if I can put it together."]},{"code":101,"indent":1,"parameters":["Olivia_face_2",0,1,0]},{"code":401,"indent":1,"parameters":[""]},{"code":401,"indent":1,"parameters":["It shouldn't take too long."]},{"code":401,"indent":1,"parameters":["\\.Maybe, like... \\|two moves?"]},{"code":242,"indent":1,"parameters":[2]},{"code":221,"indent":1,"parameters":[]},{"code":322,"indent":1,"parameters":[1,"",0,"Olivia_face_2",0,""]},{"code":201,"indent":1,"parameters":[0,3,0,2,0,0]},{"code":121,"indent":1,"parameters":[4,4,0]},{"code":222,"indent":1,"parameters":[]},{"code":0,"indent":1,"parameters":[]},{"code":411,"indent":0,"parameters":[]},{"code":250,"indent":1,"parameters":[{"name":"locked-door_1","volume":90,"pitch":100,"pan":0}]},{"code":101,"indent":1,"parameters":["Olivia_face_2",0,1,0]},{"code":401,"indent":1,"parameters":[""]},{"code":401,"indent":1,"parameters":["I can't leave yet."]},{"code":401,"indent":1,"parameters":["\\.I still need something for my head."]},{"code":356,"indent":1,"parameters":["AltMovement move player left 1"]},{"code":101,"indent":1,"parameters":["",0,1,0]},{"code":401,"indent":1,"parameters":[""]},{"code":401,"indent":1,"parameters":["Press 'I' to view the inventory."]},{"code":0,"indent":1,"parameters":[]},{"code":412,"indent":0,"parameters":[]},{"code":0,"indent":0,"parameters":[]}],"moveFrequency":3,"moveRoute":{"list":[{"code":0,"parameters":[]}],"repeat":true,"skippable":false,"wait":false},"moveSpeed":3,"moveType":0,"priorityType":0,"stepAnime":false,"through":false,"trigger":1,"walkAnime":true}],"x":9,"y":5},
{"id":2,"name":"EV002","note":"","pages":[{"conditions":{"actorId":1,"actorValid":false,"itemId":1,"itemValid":false,"selfSwitchCh":"A","selfSwitchValid":false,"switch1Id":1,"switch1Valid":false,"switch2Id":1,"switch2Valid":false,"variableId":1,"variableValid":false,"variableValue":0},"directionFix":false,"image":{"characterIndex":0,"characterName":"","direction":2,"pattern":0,"tileId":0},"list":[{"code":101,"indent":0,"parameters":["Olivia_face_2",0,1,0]},{"code":401,"indent":0,"parameters":[""]},{"code":401,"indent":0,"parameters":["I'm not folding clothes first thing in"]},{"code":401,"indent":0,"parameters":["the\\..\\..\\.. \\.morning?"]},{"code":0,"indent":0,"parameters":[]}],"moveFrequency":3,"moveRoute":{"list":[{"code":0,"parameters":[]}],"repeat":true,"skippable":false,"wait":false},"moveSpeed":3,"moveType":0,"priorityType":1,"stepAnime":false,"through":true,"trigger":0,"walkAnime":true}],"x":2,"y":6},
{"id":3,"name":"CupofWater","note":"","pages":[{"conditions":{"actorId":1,"actorValid":false,"itemId":1,"itemValid":false,"selfSwitchCh":"A","selfSwitchValid":false,"switch1Id":1,"switch1Valid":false,"switch2Id":1,"switch2Valid":false,"variableId":1,"variableValid":false,"variableValue":0},"directionFix":true,"image":{"tileId":0,"characterName":"!Flame","direction":8,"pattern":0,"characterIndex":6},"list":[{"code":111,"indent":0,"parameters":[8,2]},{"code":101,"indent":1,"parameters":["Olivia_face_2",0,1,0]},{"code":401,"indent":1,"parameters":[""]},{"code":401,"indent":1,"parameters":["Nah, \\.I already got water."]},{"code":0,"indent":1,"parameters":[]},{"code":411,"indent":0,"parameters":[]},{"code":126,"indent":1,"parameters":[2,0,0,1]},{"code":122,"indent":1,"parameters":[3,3,1,0,1]},{"code":250,"indent":1,"parameters":[{"name":"watertapcup","volume":90,"pitch":100,"pan":0}]},{"code":101,"indent":1,"parameters":["Olivia_face_2",0,1,0]},{"code":401,"indent":1,"parameters":[""]},{"code":401,"indent":1,"parameters":["Hey, \\.I can use this tap water to take"]},{"code":401,"indent":1,"parameters":["the Advil."]},{"code":117,"indent":1,"parameters":[9]},{"code":123,"indent":1,"parameters":["A",0]},{"code":0,"indent":1,"parameters":[]},{"code":412,"indent":0,"parameters":[]},{"code":0,"indent":0,"parameters":[]}],"moveFrequency":3,"moveRoute":{"list":[{"code":0,"parameters":[]}],"repeat":true,"skippable":false,"wait":false},"moveSpeed":3,"moveType":0,"priorityType":1,"stepAnime":true,"through":false,"trigger":0,"walkAnime":false},{"conditions":{"actorId":1,"actorValid":false,"itemId":1,"itemValid":false,"selfSwitchCh":"A","selfSwitchValid":true,"switch1Id":1,"switch1Valid":false,"switch2Id":1,"switch2Valid":false,"variableId":1,"variableValid":false,"variableValue":0},"directionFix":true,"image":{"tileId":0,"characterName":"","direction":8,"pattern":0,"characterIndex":6},"list":[{"code":111,"indent":0,"parameters":[8,2]},{"code":101,"indent":1,"parameters":["Olivia_face_2",0,1,0]},{"code":401,"indent":1,"parameters":[""]},{"code":401,"indent":1,"parameters":["Nah, \\.I already got water."]},{"code":0,"indent":1,"parameters":[]},{"code":411,"indent":0,"parameters":[]},{"code":126,"indent":1,"parameters":[2,0,0,1]},{"code":101,"indent":1,"parameters":["Olivia_face_2",0,1,0]},{"code":401,"indent":1,"parameters":["Yeah, I can use this tap water."]},{"code":117,"indent":1,"parameters":[9]},{"code":0,"indent":1,"parameters":[]},{"code":412,"indent":0,"parameters":[]},{"code":0,"indent":0,"parameters":[]}],"moveFrequency":3,"moveRoute":{"list":[{"code":0,"parameters":[]}],"repeat":true,"skippable":false,"wait":false},"moveSpeed":3,"moveType":0,"priorityType":1,"stepAnime":true,"through":false,"trigger":0,"walkAnime":false}],"x":3,"y":1},
{"id":4,"name":"EV004","note":"","pages":[{"conditions":{"actorId":1,"actorValid":false,"itemId":1,"itemValid":false,"selfSwitchCh":"A","selfSwitchValid":false,"switch1Id":1,"switch1Valid":false,"switch2Id":1,"switch2Valid":false,"variableId":1,"variableValid":false,"variableValue":0},"directionFix":false,"image":{"characterIndex":0,"characterName":"","direction":2,"pattern":0,"tileId":0},"list":[{"code":111,"indent":0,"parameters":[8,1]},{"code":101,"indent":1,"parameters":["Olivia_face_2",0,1,0]},{"code":401,"indent":1,"parameters":["Even if I left Advil in my dirty clothes,"]},{"code":401,"indent":1,"parameters":["\\.I don't need it anymore."]},{"code":401,"indent":1,"parameters":["\\.\\}Thank god for that..."]},{"code":0,"indent":1,"parameters":[]},{"code":411,"indent":0,"parameters":[]},{"code":101,"indent":1,"parameters":["Olivia_face_2",0,1,0]},{"code":401,"indent":1,"parameters":[""]},{"code":401,"indent":1,"parameters":["I doubt I have Advil in last week's pants."]},{"code":401,"indent":1,"parameters":["\\.Willow definitely doesn't."]},{"code":0,"indent":1,"parameters":[]},{"code":412,"indent":0,"parameters":[]},{"code":0,"indent":0,"parameters":[]}],"moveFrequency":3,"moveRoute":{"list":[{"code":0,"parameters":[]}],"repeat":true,"skippable":false,"wait":false},"moveSpeed":3,"moveType":0,"priorityType":1,"stepAnime":false,"through":true,"trigger":0,"walkAnime":true}],"x":4,"y":6},
{"id":5,"name":"bathtub","note":"","pages":[{"conditions":{"actorId":1,"actorValid":false,"itemId":1,"itemValid":false,"selfSwitchCh":"A","selfSwitchValid":false,"switch1Id":1,"switch1Valid":false,"switch2Id":1,"switch2Valid":false,"variableId":1,"variableValid":false,"variableValue":0},"directionFix":false,"image":{"characterIndex":0,"characterName":"","direction":2,"pattern":0,"tileId":0},"list":[{"code":101,"indent":0,"parameters":["Olivia_face_2",0,1,0]},{"code":401,"indent":0,"parameters":[""]},{"code":401,"indent":0,"parameters":["This is why I have \\c[1]back pain\\c[0] at 25."]},{"code":0,"indent":0,"parameters":[]}],"moveFrequency":3,"moveRoute":{"list":[{"code":0,"parameters":[]}],"repeat":true,"skippable":false,"wait":false},"moveSpeed":3,"moveType":0,"priorityType":0,"stepAnime":false,"through":false,"trigger":0,"walkAnime":false}],"x":1,"y":2},
{"id":6,"name":"EV006","note":"","pages":[{"conditions":{"actorId":1,"actorValid":false,"itemId":1,"itemValid":false,"selfSwitchCh":"A","selfSwitchValid":false,"switch1Id":1,"switch1Valid":false,"switch2Id":1,"switch2Valid":false,"variableId":1,"variableValid":false,"variableValue":0},"directionFix":false,"image":{"characterIndex":0,"characterName":"","direction":2,"pattern":0,"tileId":0},"list":[{"code":101,"indent":0,"parameters":["Olivia_face_2",0,1,0]},{"code":401,"indent":0,"parameters":[""]},{"code":401,"indent":0,"parameters":["I'm not folding clothes first thing in"]},{"code":401,"indent":0,"parameters":["the\\..\\..\\.. \\.morning?"]},{"code":0,"indent":0,"parameters":[]}],"moveFrequency":3,"moveRoute":{"list":[{"code":0,"parameters":[]}],"repeat":true,"skippable":false,"wait":false},"moveSpeed":3,"moveType":0,"priorityType":1,"stepAnime":false,"through":false,"trigger":0,"walkAnime":false}],"x":0,"y":7},
{"id":7,"name":"toilet","note":"","pages":[{"conditions":{"actorId":1,"actorValid":false,"itemId":1,"itemValid":false,"selfSwitchCh":"A","selfSwitchValid":false,"switch1Id":1,"switch1Valid":false,"switch2Id":1,"switch2Valid":false,"variableId":1,"variableValid":false,"variableValue":0},"directionFix":false,"image":{"characterIndex":0,"characterName":"","direction":2,"pattern":0,"tileId":0},"list":[{"code":101,"indent":0,"parameters":["Olivia_face_2",0,1,0]},{"code":401,"indent":0,"parameters":[""]},{"code":401,"indent":0,"parameters":["I need water, \\.but I'm \\c[1]not\\c[0] drinking out"]},{"code":401,"indent":0,"parameters":["of the toilet."]},{"code":101,"indent":0,"parameters":["Olivia_face_2",0,1,0]},{"code":401,"indent":0,"parameters":[""]},{"code":401,"indent":0,"parameters":[".\\..\\..\\.Not after what happened last time."]},{"code":123,"indent":0,"parameters":["A",0]},{"code":0,"indent":0,"parameters":[]}],"moveFrequency":3,"moveRoute":{"list":[{"code":0,"parameters":[]}],"repeat":true,"skippable":false,"wait":false},"moveSpeed":3,"moveType":0,"priorityType":1,"stepAnime":false,"through":false,"trigger":0,"walkAnime":true},{"conditions":{"actorId":1,"actorValid":false,"itemId":1,"itemValid":false,"selfSwitchCh":"A","selfSwitchValid":true,"switch1Id":1,"switch1Valid":false,"switch2Id":1,"switch2Valid":false,"variableId":1,"variableValid":false,"variableValue":0},"directionFix":false,"image":{"characterIndex":0,"characterName":"","direction":2,"pattern":0,"tileId":0},"list":[{"code":101,"indent":0,"parameters":["Olivia_face_2",0,1,0]},{"code":401,"indent":0,"parameters":[""]},{"code":401,"indent":0,"parameters":["Nope."]},{"code":0,"indent":0,"parameters":[]}],"moveFrequency":3,"moveRoute":{"list":[{"code":0,"parameters":[]}],"repeat":true,"skippable":false,"wait":false},"moveSpeed":3,"moveType":0,"priorityType":1,"stepAnime":false,"through":false,"trigger":0,"walkAnime":true}],"x":6,"y":2},
{"id":8,"name":"Initialize","note":"","pages":[{"conditions":{"actorId":1,"actorValid":false,"itemId":1,"itemValid":false,"selfSwitchCh":"A","selfSwitchValid":false,"switch1Id":1,"switch1Valid":false,"switch2Id":1,"switch2Valid":false,"variableId":1,"variableValid":false,"variableValue":0},"directionFix":false,"image":{"characterIndex":0,"characterName":"","direction":2,"pattern":0,"tileId":0},"list":[{"code":231,"indent":0,"parameters":[1,"blackScreen",0,0,0,0,100,100,255,0]},{"code":355,"indent":0,"parameters":["$gamePlayer.setMoveSpeed(40);"]},{"code":356,"indent":0,"parameters":["AltMovement move player up 0.1 wait skip"]},{"code":356,"indent":0,"parameters":["AltMovement move player left 0.5 wait skip"]},{"code":356,"indent":0,"parameters":["AltMovement move player down 0.1 wait skip"]},{"code":355,"indent":0,"parameters":["$gamePlayer.setMoveSpeed(4);"]},{"code":235,"indent":0,"parameters":[1]},{"code":356,"indent":0,"parameters":["createFilter noise noise 0"]},{"code":356,"indent":0,"parameters":["setFilter noise 0.1"]},{"code":356,"indent":0,"parameters":["createFilter hangover zoomblur 0"]},{"code":356,"indent":0,"parameters":["setFilter hangover 10 10 10 0.04"]},{"code":224,"indent":0,"parameters":[[255,255,255,255],240,true]},{"code":101,"indent":0,"parameters":["Olivia_face_2",0,1,0]},{"code":401,"indent":0,"parameters":[""]},{"code":401,"indent":0,"parameters":["Ugh, \\.my head is \\c[1]killing\\c[0] me\\..\\..\\.."]},{"code":101,"indent":0,"parameters":["Olivia_face_2",0,1,0]},{"code":401,"indent":0,"parameters":[""]},{"code":401,"indent":0,"parameters":["I'm\\..\\..\\.. \\.in the tub?"]},{"code":101,"indent":0,"parameters":["Olivia_face_2",0,1,0]},{"code":401,"indent":0,"parameters":[""]},{"code":401,"indent":0,"parameters":["What \\c[1]happened\\c[0] last night?"]},{"code":356,"indent":0,"parameters":["AltMovement move player down 2 wait"]},{"code":355,"indent":0,"parameters":["$gameMap.event(5).setPriorityType(1)"]},{"code":101,"indent":0,"parameters":["Olivia_face_2",0,1,0]},{"code":401,"indent":0,"parameters":["God, \\.everything's so loud..."]},{"code":401,"indent":0,"parameters":["\\|I really need to find something for my"]},{"code":401,"indent":0,"parameters":["head."]},{"code":101,"indent":0,"parameters":["Olivia_face_2",0,1,0]},{"code":401,"indent":0,"parameters":[""]},{"code":401,"indent":0,"parameters":["There should be some Advil on the shelves."]},{"code":101,"indent":0,"parameters":["",0,1,0]},{"code":401,"indent":0,"parameters":[""]},{"code":401,"indent":0,"parameters":["Use ARROW KEYS to move."]},{"code":401,"indent":0,"parameters":["\\.Press SPACEBAR to interact."]},{"code":356,"indent":0,"parameters":["AltMovement input touch disable"]},{"code":117,"indent":0,"parameters":[3]},{"code":356,"indent":0,"parameters":["AltMovement collider set \"CupofWater\" 1"]},{"code":356,"indent":0,"parameters":["AltMovement collider set \"bathtub\" 4"]},{"code":356,"indent":0,"parameters":["AltMovement collider set \"findAdvil\" 5"]},{"code":123,"indent":0,"parameters":["A",0]},{"code":0,"indent":0,"parameters":[]}],"moveFrequency":3,"moveRoute":{"list":[{"code":0,"parameters":[]}],"repeat":true,"skippable":false,"wait":false},"moveSpeed":3,"moveType":0,"priorityType":0,"stepAnime":false,"through":false,"trigger":3,"walkAnime":false},{"conditions":{"actorId":1,"actorValid":false,"itemId":1,"itemValid":false,"selfSwitchCh":"A","selfSwitchValid":true,"switch1Id":1,"switch1Valid":false,"switch2Id":1,"switch2Valid":false,"variableId":1,"variableValid":false,"variableValue":0},"directionFix":false,"image":{"characterIndex":0,"characterName":"","direction":2,"pattern":0,"tileId":0},"list":[{"code":0,"indent":0,"parameters":[]}],"moveFrequency":3,"moveRoute":{"list":[{"code":0,"parameters":[]}],"repeat":true,"skippable":false,"wait":false},"moveSpeed":3,"moveType":0,"priorityType":0,"stepAnime":false,"through":false,"trigger":0,"walkAnime":true}],"x":0,"y":1},
{"id":9,"name":"EV009","note":"","pages":[{"conditions":{"actorId":1,"actorValid":false,"itemId":1,"itemValid":false,"selfSwitchCh":"A","selfSwitchValid":false,"switch1Id":1,"switch1Valid":false,"switch2Id":1,"switch2Valid":false,"variableId":1,"variableValid":false,"variableValue":0},"directionFix":false,"image":{"characterIndex":0,"characterName":"","direction":2,"pattern":0,"tileId":0},"list":[{"code":101,"indent":0,"parameters":["Olivia_face_2",0,1,0]},{"code":401,"indent":0,"parameters":[""]},{"code":401,"indent":0,"parameters":["Willow always insists on putting the roll"]},{"code":401,"indent":0,"parameters":["the \\.\"right \\.way\"."]},{"code":101,"indent":0,"parameters":["Olivia_face_2",0,1,0]},{"code":401,"indent":0,"parameters":[""]},{"code":401,"indent":0,"parameters":["What even \\c[1]is\\c[0] the right way?"]},{"code":0,"indent":0,"parameters":[]}],"moveFrequency":3,"moveRoute":{"list":[{"code":0,"parameters":[]}],"repeat":true,"skippable":false,"wait":false},"moveSpeed":3,"moveType":0,"priorityType":1,"stepAnime":false,"through":false,"trigger":0,"walkAnime":true}],"x":5,"y":1},
{"id":10,"name":"EV010","note":"","pages":[{"conditions":{"actorId":1,"actorValid":false,"itemId":1,"itemValid":false,"selfSwitchCh":"A","selfSwitchValid":false,"switch1Id":1,"switch1Valid":false,"switch2Id":1,"switch2Valid":false,"variableId":1,"variableValid":false,"variableValue":0},"directionFix":false,"image":{"characterIndex":0,"characterName":"","direction":2,"pattern":0,"tileId":0},"list":[{"code":101,"indent":0,"parameters":["Olivia_face_2",0,1,0]},{"code":401,"indent":0,"parameters":[""]},{"code":401,"indent":0,"parameters":["We can't get a pet, \\.so we got an emotional"]},{"code":401,"indent":0,"parameters":["support rubber duck."]},{"code":0,"indent":0,"parameters":[]}],"moveFrequency":3,"moveRoute":{"list":[{"code":0,"parameters":[]}],"repeat":true,"skippable":false,"wait":false},"moveSpeed":3,"moveType":0,"priorityType":1,"stepAnime":false,"through":true,"trigger":0,"walkAnime":true}],"x":8,"y":6},
null,
{"id":12,"name":"findAdvil","note":"","pages":[{"conditions":{"actorId":1,"actorValid":false,"itemId":1,"itemValid":false,"selfSwitchCh":"A","selfSwitchValid":false,"switch1Id":1,"switch1Valid":false,"switch2Id":1,"switch2Valid":false,"variableId":1,"variableValid":false,"variableValue":0},"directionFix":true,"image":{"tileId":0,"characterName":"!Flame","direction":8,"pattern":0,"characterIndex":6},"list":[{"code":111,"indent":0,"parameters":[8,1]},{"code":101,"indent":1,"parameters":["Olivia_face_2",0,1,0]},{"code":401,"indent":1,"parameters":[""]},{"code":401,"indent":1,"parameters":["Empty, now. \\.But one should be enough."]},{"code":0,"indent":1,"parameters":[]},{"code":411,"indent":0,"parameters":[]},{"code":101,"indent":1,"parameters":["Olivia_face_2",0,1,0]},{"code":401,"indent":1,"parameters":[""]},{"code":401,"indent":1,"parameters":["Found the Advil!"]},{"code":126,"indent":1,"parameters":[1,0,0,1]},{"code":122,"indent":1,"parameters":[2,2,1,0,1]},{"code":250,"indent":1,"parameters":[{"name":"pills","volume":90,"pitch":100,"pan":0}]},{"code":101,"indent":1,"parameters":["Olivia_face_2",0,1,0]},{"code":401,"indent":1,"parameters":[""]},{"code":401,"indent":1,"parameters":["Hmm, \\.just one left."]},{"code":401,"indent":1,"parameters":["\\.We should get some more later."]},{"code":117,"indent":1,"parameters":[9]},{"code":123,"indent":1,"parameters":["A",0]},{"code":0,"indent":1,"parameters":[]},{"code":412,"indent":0,"parameters":[]},{"code":0,"indent":0,"parameters":[]}],"moveFrequency":3,"moveRoute":{"list":[{"code":0,"parameters":[]}],"repeat":true,"skippable":false,"wait":false},"moveSpeed":3,"moveType":0,"priorityType":1,"stepAnime":true,"through":false,"trigger":0,"walkAnime":false},{"conditions":{"actorId":1,"actorValid":false,"itemId":1,"itemValid":false,"selfSwitchCh":"A","selfSwitchValid":true,"switch1Id":1,"switch1Valid":false,"switch2Id":1,"switch2Valid":false,"variableId":1,"variableValid":false,"variableValue":0},"directionFix":false,"image":{"characterIndex":0,"characterName":"","direction":2,"pattern":0,"tileId":0},"list":[{"code":111,"indent":0,"parameters":[8,1]},{"code":101,"indent":1,"parameters":["Olivia_face_2",0,1,0]},{"code":401,"indent":1,"parameters":[""]},{"code":401,"indent":1,"parameters":["Empty, now. \\.But one should be enough."]},{"code":0,"indent":1,"parameters":[]},{"code":411,"indent":0,"parameters":[]},{"code":101,"indent":1,"parameters":["Olivia_face_2",0,1,0]},{"code":401,"indent":1,"parameters":[""]},{"code":401,"indent":1,"parameters":["Found the Advil!"]},{"code":126,"indent":1,"parameters":[1,0,0,1]},{"code":117,"indent":1,"parameters":[9]},{"code":101,"indent":1,"parameters":["Olivia_face_2",0,1,0]},{"code":401,"indent":1,"parameters":[""]},{"code":401,"indent":1,"parameters":["Hmm, \\.just one left."]},{"code":401,"indent":1,"parameters":["\\.We should get some more later."]},{"code":0,"indent":1,"parameters":[]},{"code":412,"indent":0,"parameters":[]},{"code":0,"indent":0,"parameters":[]}],"moveFrequency":3,"moveRoute":{"list":[{"code":0,"parameters":[]}],"repeat":true,"skippable":false,"wait":false},"moveSpeed":3,"moveType":0,"priorityType":1,"stepAnime":false,"through":false,"trigger":0,"walkAnime":true}],"x":8,"y":1},
null,
null,
null,
null,
null
]
}