[{"type":"Text","Value":"Advil: ${$gameVariables.value(2)}","Condition":"$gameSwitches.value(3)","Layer":"0","Font":"GameFont","Max Width":"200","Align":"left","Font Size":"30","Text Color":"#ffffff","Text Alpha":"255","Outline Color":"#000000","Outline Alpha":"127","animateInfo":{"x":{"spd":0,"loop":false,"min":0,"max":0},"y":{"spd":0,"loop":false,"min":0,"max":0},"s":{"spd":0,"loop":false,"min":1,"max":1},"r":{"spd":0,"loop":false,"min":0,"max":0}},"id":1,"x":408,"y":312},{"type":"Text","Value":"Water: ${$gameVariables.value(3)}","Condition":"$gameSwitches.value(3)","Layer":"0","Font":"GameFont","Max Width":"200","Align":"left","Font Size":"30","Text Color":"#ffffff","Text Alpha":"255","Outline Color":"#000000","Outline Alpha":"127","animateInfo":{"x":{"spd":0,"loop":false,"min":0,"max":0},"y":{"spd":0,"loop":false,"min":0,"max":0},"s":{"spd":0,"loop":false,"min":1,"max":1},"r":{"spd":0,"loop":false,"min":0,"max":0}},"id":5,"x":408,"y":356}]