{
"autoplayBgm":true,"autoplayBgs":false,"battleback1Name":"","battleback2Name":"","bgm":{"name":"sliding-puzzle","pan":0,"pitch":100,"volume":90},"bgs":{"name":"","pan":0,"pitch":100,"volume":90},"disableDashing":false,"displayName":"","encounterList":[],"encounterStep":30,"height":3,"note":"Zoom: 4\n<Save Event Locations>","parallaxLoopX":false,"parallaxLoopY":false,"parallaxName":"","parallaxShow":true,"parallaxSx":0,"parallaxSy":0,"scrollType":0,"specifyBattleback":false,"tilesetId":8,"width":3,
"data":[3680,3680,3680,3680,3680,3680,3680,3680,3680,3056,3056,3056,3056,3056,3056,3056,3056,3056,0,0,0,0,0,0,0,0,0,0,0,0,0,0,0,0,0,0,0,0,0,0,0,0,0,0,0,1,2,3,4,5,6,7,8,9],
"events":[
null,
{"id":1,"name":"tile01","note":"click_activate!","pages":[{"conditions":{"actorId":1,"actorValid":false,"itemId":1,"itemValid":false,"selfSwitchCh":"A","selfSwitchValid":false,"switch1Id":1,"switch1Valid":false,"switch2Id":1,"switch2Valid":false,"variableId":1,"variableValid":false,"variableValue":0},"directionFix":true,"image":{"tileId":256,"characterName":"","characterIndex":0,"direction":2,"pattern":0},"list":[{"code":101,"indent":0,"parameters":["",0,1,0]},{"code":401,"indent":0,"parameters":["\\n<Olivia><br>Wh-\\.what is this?"]},{"code":101,"indent":0,"parameters":["",0,1,0]},{"code":401,"indent":0,"parameters":["\\n<Olivia>\\.That \\.\\.looks like Kyle\\..\\..\\.."]},{"code":401,"indent":0,"parameters":["<br>\\|This-\\. this is one of \\fiWillow's \\frpuzzles!"]},{"code":101,"indent":0,"parameters":["",0,1,0]},{"code":401,"indent":0,"parameters":["\\n<Olivia>"]},{"code":401,"indent":0,"parameters":["<br>But \\.why am I seeing-\\.\\.\\^"]},{"code":356,"indent":0,"parameters":["createFilter noise noise 0"]},{"code":356,"indent":0,"parameters":["setFilter noise 0.1"]},{"code":230,"indent":0,"parameters":[30]},{"code":356,"indent":0,"parameters":["createFilter hangover zoomblur 0"]},{"code":356,"indent":0,"parameters":["setFilter hangover 10 10 10 0.04"]},{"code":101,"indent":0,"parameters":["",0,1,0]},{"code":401,"indent":0,"parameters":["\\n<Olivia>"]},{"code":401,"indent":0,"parameters":["<br>\\fi\\{Ow!\\.\\^"]},{"code":356,"indent":0,"parameters":["moveFilter hangover 0 0 0 0 60"]},{"code":356,"indent":0,"parameters":["moveFilter noise 0 60"]},{"code":230,"indent":0,"parameters":[120]},{"code":356,"indent":0,"parameters":["eraseFilter noise"]},{"code":356,"indent":0,"parameters":["eraseFilter hangover"]},{"code":101,"indent":0,"parameters":["",0,1,0]},{"code":401,"indent":0,"parameters":["\\n<Olivia>"]},{"code":401,"indent":0,"parameters":["<br>I-\\.I can't \\fithink \\frwhile this is in front of me."]},{"code":101,"indent":0,"parameters":["",0,1,0]},{"code":401,"indent":0,"parameters":["\\n<Olivia>"]},{"code":401,"indent":0,"parameters":["<br>I-\\.it \\.doesn't \\filook \\frhard\\..\\..\\.. \\.just \\fbtwo moves\\fr, I think?"]},{"code":101,"indent":0,"parameters":["",0,1,0]},{"code":401,"indent":0,"parameters":["<br>CLICK to move tiles."]},{"code":401,"indent":0,"parameters":["<br>\\.Press 'R' to reset."]},{"code":355,"indent":0,"parameters":["$gamePlayer._locked = true;"]},{"code":121,"indent":0,"parameters":[7,7,0]},{"code":123,"indent":0,"parameters":["A",0]},{"code":0,"indent":0,"parameters":[]}],"moveFrequency":3,"moveRoute":{"list":[{"code":0,"parameters":[]}],"repeat":true,"skippable":false,"wait":false},"moveSpeed":3,"moveType":0,"priorityType":2,"stepAnime":false,"through":false,"trigger":3,"walkAnime":false},{"conditions":{"actorId":1,"actorValid":false,"itemId":1,"itemValid":false,"selfSwitchCh":"A","selfSwitchValid":true,"switch1Id":1,"switch1Valid":false,"switch2Id":1,"switch2Valid":false,"variableId":1,"variableValid":false,"variableValue":0},"directionFix":true,"image":{"tileId":256,"characterName":"","characterIndex":0,"direction":2,"pattern":0},"list":[{"code":117,"indent":0,"parameters":[1]},{"code":0,"indent":0,"parameters":[]}],"moveFrequency":3,"moveRoute":{"list":[{"code":0,"parameters":[]}],"repeat":true,"skippable":false,"wait":false},"moveSpeed":3,"moveType":0,"priorityType":2,"stepAnime":false,"through":false,"trigger":0,"walkAnime":false},{"conditions":{"actorId":1,"actorValid":false,"itemId":1,"itemValid":false,"selfSwitchCh":"A","selfSwitchValid":false,"switch1Id":1,"switch1Valid":true,"switch2Id":1,"switch2Valid":false,"variableId":1,"variableValid":false,"variableValue":0},"directionFix":false,"image":{"tileId":256,"characterName":"","characterIndex":0,"direction":2,"pattern":0},"list":[{"code":121,"indent":0,"parameters":[1,1,1]},{"code":285,"indent":0,"parameters":[1,1,0,0,0]},{"code":355,"indent":0,"parameters":["console.log($gameVariables.value(1))"]},{"code":111,"indent":0,"parameters":[12,"$gameVariables.value(1)!=1"]},{"code":115,"indent":1,"parameters":[]},{"code":0,"indent":1,"parameters":[]},{"code":412,"indent":0,"parameters":[]},{"code":285,"indent":0,"parameters":[1,1,0,1,0]},{"code":111,"indent":0,"parameters":[12,"$gameVariables.value(1)!=2"]},{"code":115,"indent":1,"parameters":[]},{"code":0,"indent":1,"parameters":[]},{"code":412,"indent":0,"parameters":[]},{"code":285,"indent":0,"parameters":[1,1,0,2,0]},{"code":111,"indent":0,"parameters":[12,"$gameVariables.value(1)!=3"]},{"code":115,"indent":1,"parameters":[]},{"code":0,"indent":1,"parameters":[]},{"code":412,"indent":0,"parameters":[]},{"code":285,"indent":0,"parameters":[1,1,0,0,1]},{"code":111,"indent":0,"parameters":[12,"$gameVariables.value(1)!=4"]},{"code":115,"indent":1,"parameters":[]},{"code":0,"indent":1,"parameters":[]},{"code":412,"indent":0,"parameters":[]},{"code":285,"indent":0,"parameters":[1,1,0,1,1]},{"code":111,"indent":0,"parameters":[12,"$gameVariables.value(1)!=5"]},{"code":115,"indent":1,"parameters":[]},{"code":0,"indent":1,"parameters":[]},{"code":412,"indent":0,"parameters":[]},{"code":285,"indent":0,"parameters":[1,1,0,2,1]},{"code":111,"indent":0,"parameters":[12,"$gameVariables.value(1)!=6"]},{"code":115,"indent":1,"parameters":[]},{"code":0,"indent":1,"parameters":[]},{"code":412,"indent":0,"parameters":[]},{"code":285,"indent":0,"parameters":[1,1,0,0,2]},{"code":111,"indent":0,"parameters":[12,"$gameVariables.value(1)!=7"]},{"code":115,"indent":1,"parameters":[]},{"code":0,"indent":1,"parameters":[]},{"code":412,"indent":0,"parameters":[]},{"code":285,"indent":0,"parameters":[1,1,0,1,2]},{"code":111,"indent":0,"parameters":[12,"$gameVariables.value(1)!=8"]},{"code":115,"indent":1,"parameters":[]},{"code":0,"indent":1,"parameters":[]},{"code":412,"indent":0,"parameters":[]},{"code":121,"indent":0,"parameters":[2,2,0]},{"code":0,"indent":0,"parameters":[]}],"moveFrequency":3,"moveRoute":{"list":[{"code":0,"parameters":[]}],"repeat":true,"skippable":false,"wait":false},"moveSpeed":3,"moveType":0,"priorityType":0,"stepAnime":false,"through":false,"trigger":3,"walkAnime":true},{"conditions":{"actorId":1,"actorValid":false,"itemId":1,"itemValid":false,"selfSwitchCh":"A","selfSwitchValid":false,"switch1Id":2,"switch1Valid":true,"switch2Id":1,"switch2Valid":false,"variableId":1,"variableValid":false,"variableValue":0},"directionFix":false,"image":{"tileId":256,"characterName":"","characterIndex":0,"direction":2,"pattern":0},"list":[{"code":242,"indent":0,"parameters":[1]},{"code":250,"indent":0,"parameters":[{"name":"sliding_puzzle_complete","volume":90,"pitch":100,"pan":0}]},{"code":101,"indent":0,"parameters":["",0,1,0]},{"code":401,"indent":0,"parameters":["\\n<Olivia>That\\..\\..\\.. feels a \\filot \\frbetter."]},{"code":401,"indent":0,"parameters":["<br>\\.It finally feels like I can move again."]},{"code":101,"indent":0,"parameters":["",0,1,0]},{"code":401,"indent":0,"parameters":["\\n<Olivia>H-\\.hold on, \\.I \\.think I'm \\.remembering \\|some\\.t\\.h\\.i\\.n\\.g\\..\\..\\.."]},{"code":401,"indent":0,"parameters":["<br>\\|\\}\\fiArgh\\..\\..\\.."]},{"code":221,"indent":0,"parameters":[]},{"code":261,"indent":0,"parameters":["Phone"]},{"code":261,"indent":0,"parameters":["Call"]},{"code":121,"indent":0,"parameters":[4,4,1]},{"code":250,"indent":0,"parameters":[{"name":"door-open","volume":90,"pitch":100,"pan":0}]},{"code":230,"indent":0,"parameters":[60]},{"code":121,"indent":0,"parameters":[7,7,1]},{"code":322,"indent":0,"parameters":[1,"$tall_oli2",0,"",0,""]},{"code":121,"indent":0,"parameters":[2,2,1]},{"code":201,"indent":0,"parameters":[0,1,0,7,0,0]},{"code":0,"indent":0,"parameters":[]}],"moveFrequency":3,"moveRoute":{"list":[{"code":0,"parameters":[]}],"repeat":true,"skippable":false,"wait":false},"moveSpeed":3,"moveType":0,"priorityType":0,"stepAnime":false,"through":false,"trigger":3,"walkAnime":true}],"x":0,"y":0},
{"id":2,"name":"tile02","note":"click_activate!","pages":[{"conditions":{"actorId":1,"actorValid":false,"itemId":1,"itemValid":false,"selfSwitchCh":"A","selfSwitchValid":false,"switch1Id":1,"switch1Valid":false,"switch2Id":1,"switch2Valid":false,"variableId":1,"variableValid":false,"variableValue":0},"directionFix":true,"image":{"tileId":257,"characterName":"","characterIndex":0,"direction":2,"pattern":0},"list":[{"code":117,"indent":0,"parameters":[1]},{"code":0,"indent":0,"parameters":[]}],"moveFrequency":3,"moveRoute":{"list":[{"code":0,"parameters":[]}],"repeat":true,"skippable":false,"wait":false},"moveSpeed":3,"moveType":0,"priorityType":2,"stepAnime":false,"through":false,"trigger":0,"walkAnime":false},{"conditions":{"actorId":1,"actorValid":false,"itemId":1,"itemValid":false,"selfSwitchCh":"A","selfSwitchValid":false,"switch1Id":2,"switch1Valid":true,"switch2Id":1,"switch2Valid":false,"variableId":1,"variableValid":false,"variableValue":0},"directionFix":true,"image":{"tileId":257,"characterName":"","characterIndex":0,"direction":2,"pattern":0},"list":[{"code":0,"indent":0,"parameters":[]}],"moveFrequency":3,"moveRoute":{"list":[{"code":0,"parameters":[]}],"repeat":true,"skippable":false,"wait":false},"moveSpeed":3,"moveType":0,"priorityType":0,"stepAnime":false,"through":false,"trigger":0,"walkAnime":false}],"x":1,"y":0},
{"id":3,"name":"tile03","note":"click_activate!","pages":[{"conditions":{"actorId":1,"actorValid":false,"itemId":1,"itemValid":false,"selfSwitchCh":"A","selfSwitchValid":false,"switch1Id":1,"switch1Valid":false,"switch2Id":1,"switch2Valid":false,"variableId":1,"variableValid":false,"variableValue":0},"directionFix":true,"image":{"tileId":258,"characterName":"","characterIndex":0,"direction":2,"pattern":0},"list":[{"code":117,"indent":0,"parameters":[1]},{"code":0,"indent":0,"parameters":[]}],"moveFrequency":3,"moveRoute":{"list":[{"code":0,"parameters":[]}],"repeat":true,"skippable":false,"wait":false},"moveSpeed":3,"moveType":0,"priorityType":2,"stepAnime":false,"through":false,"trigger":0,"walkAnime":false},{"conditions":{"actorId":1,"actorValid":false,"itemId":1,"itemValid":false,"selfSwitchCh":"A","selfSwitchValid":false,"switch1Id":2,"switch1Valid":true,"switch2Id":1,"switch2Valid":false,"variableId":1,"variableValid":false,"variableValue":0},"directionFix":true,"image":{"tileId":258,"characterName":"","characterIndex":0,"direction":2,"pattern":0},"list":[{"code":0,"indent":0,"parameters":[]}],"moveFrequency":3,"moveRoute":{"list":[{"code":0,"parameters":[]}],"repeat":true,"skippable":false,"wait":false},"moveSpeed":3,"moveType":0,"priorityType":0,"stepAnime":false,"through":false,"trigger":0,"walkAnime":false}],"x":2,"y":0},
{"id":4,"name":"tile04","note":"click_activate!","pages":[{"conditions":{"actorId":1,"actorValid":false,"itemId":1,"itemValid":false,"selfSwitchCh":"A","selfSwitchValid":false,"switch1Id":1,"switch1Valid":false,"switch2Id":1,"switch2Valid":false,"variableId":1,"variableValid":false,"variableValue":0},"directionFix":true,"image":{"tileId":264,"characterName":"","characterIndex":0,"direction":2,"pattern":0},"list":[{"code":117,"indent":0,"parameters":[1]},{"code":0,"indent":0,"parameters":[]}],"moveFrequency":3,"moveRoute":{"list":[{"code":0,"parameters":[]}],"repeat":true,"skippable":false,"wait":false},"moveSpeed":3,"moveType":0,"priorityType":2,"stepAnime":false,"through":false,"trigger":0,"walkAnime":false},{"conditions":{"actorId":1,"actorValid":false,"itemId":1,"itemValid":false,"selfSwitchCh":"A","selfSwitchValid":false,"switch1Id":2,"switch1Valid":true,"switch2Id":1,"switch2Valid":false,"variableId":1,"variableValid":false,"variableValue":0},"directionFix":true,"image":{"tileId":264,"characterName":"","characterIndex":0,"direction":2,"pattern":0},"list":[{"code":0,"indent":0,"parameters":[]}],"moveFrequency":3,"moveRoute":{"list":[{"code":0,"parameters":[]}],"repeat":true,"skippable":false,"wait":false},"moveSpeed":3,"moveType":0,"priorityType":0,"stepAnime":false,"through":false,"trigger":0,"walkAnime":false}],"x":0,"y":1},
{"id":5,"name":"tile05","note":"click_activate!","pages":[{"conditions":{"actorId":1,"actorValid":false,"itemId":1,"itemValid":false,"selfSwitchCh":"A","selfSwitchValid":false,"switch1Id":1,"switch1Valid":false,"switch2Id":1,"switch2Valid":false,"variableId":1,"variableValid":false,"variableValue":0},"directionFix":true,"image":{"tileId":265,"characterName":"","characterIndex":0,"direction":2,"pattern":0},"list":[{"code":117,"indent":0,"parameters":[1]},{"code":0,"indent":0,"parameters":[]}],"moveFrequency":3,"moveRoute":{"list":[{"code":0,"parameters":[]}],"repeat":true,"skippable":false,"wait":false},"moveSpeed":3,"moveType":0,"priorityType":2,"stepAnime":false,"through":false,"trigger":0,"walkAnime":false},{"conditions":{"actorId":1,"actorValid":false,"itemId":1,"itemValid":false,"selfSwitchCh":"A","selfSwitchValid":false,"switch1Id":2,"switch1Valid":true,"switch2Id":1,"switch2Valid":false,"variableId":1,"variableValid":false,"variableValue":0},"directionFix":true,"image":{"tileId":265,"characterName":"","characterIndex":0,"direction":2,"pattern":0},"list":[{"code":0,"indent":0,"parameters":[]}],"moveFrequency":3,"moveRoute":{"list":[{"code":0,"parameters":[]}],"repeat":true,"skippable":false,"wait":false},"moveSpeed":3,"moveType":0,"priorityType":0,"stepAnime":false,"through":false,"trigger":0,"walkAnime":false}],"x":1,"y":2},
{"id":6,"name":"tile06","note":"click_activate!","pages":[{"conditions":{"actorId":1,"actorValid":false,"itemId":1,"itemValid":false,"selfSwitchCh":"A","selfSwitchValid":false,"switch1Id":1,"switch1Valid":false,"switch2Id":1,"switch2Valid":false,"variableId":1,"variableValid":false,"variableValue":0},"directionFix":true,"image":{"tileId":266,"characterName":"","characterIndex":0,"direction":2,"pattern":0},"list":[{"code":117,"indent":0,"parameters":[1]},{"code":0,"indent":0,"parameters":[]}],"moveFrequency":3,"moveRoute":{"list":[{"code":0,"parameters":[]}],"repeat":true,"skippable":false,"wait":false},"moveSpeed":3,"moveType":0,"priorityType":2,"stepAnime":false,"through":false,"trigger":0,"walkAnime":false},{"conditions":{"actorId":1,"actorValid":false,"itemId":1,"itemValid":false,"selfSwitchCh":"A","selfSwitchValid":false,"switch1Id":2,"switch1Valid":true,"switch2Id":1,"switch2Valid":false,"variableId":1,"variableValid":false,"variableValue":0},"directionFix":true,"image":{"tileId":266,"characterName":"","characterIndex":0,"direction":2,"pattern":0},"list":[{"code":0,"indent":0,"parameters":[]}],"moveFrequency":3,"moveRoute":{"list":[{"code":0,"parameters":[]}],"repeat":true,"skippable":false,"wait":false},"moveSpeed":3,"moveType":0,"priorityType":0,"stepAnime":false,"through":false,"trigger":0,"walkAnime":false}],"x":2,"y":1},
{"id":7,"name":"tile07","note":"click_activate!","pages":[{"conditions":{"actorId":1,"actorValid":false,"itemId":1,"itemValid":false,"selfSwitchCh":"A","selfSwitchValid":false,"switch1Id":1,"switch1Valid":false,"switch2Id":1,"switch2Valid":false,"variableId":1,"variableValid":false,"variableValue":0},"directionFix":true,"image":{"tileId":272,"characterName":"","characterIndex":0,"direction":2,"pattern":0},"list":[{"code":117,"indent":0,"parameters":[1]},{"code":0,"indent":0,"parameters":[]}],"moveFrequency":3,"moveRoute":{"list":[{"code":0,"parameters":[]}],"repeat":true,"skippable":false,"wait":false},"moveSpeed":3,"moveType":0,"priorityType":2,"stepAnime":false,"through":false,"trigger":0,"walkAnime":false},{"conditions":{"actorId":1,"actorValid":false,"itemId":1,"itemValid":false,"selfSwitchCh":"A","selfSwitchValid":false,"switch1Id":2,"switch1Valid":true,"switch2Id":1,"switch2Valid":false,"variableId":1,"variableValid":false,"variableValue":0},"directionFix":true,"image":{"tileId":272,"characterName":"","characterIndex":0,"direction":2,"pattern":0},"list":[{"code":0,"indent":0,"parameters":[]}],"moveFrequency":3,"moveRoute":{"list":[{"code":0,"parameters":[]}],"repeat":true,"skippable":false,"wait":false},"moveSpeed":3,"moveType":0,"priorityType":0,"stepAnime":false,"through":false,"trigger":0,"walkAnime":false}],"x":0,"y":2},
{"id":8,"name":"tile08","note":"click_activate!","pages":[{"conditions":{"actorId":1,"actorValid":false,"itemId":1,"itemValid":false,"selfSwitchCh":"A","selfSwitchValid":false,"switch1Id":1,"switch1Valid":false,"switch2Id":1,"switch2Valid":false,"variableId":1,"variableValid":false,"variableValue":0},"directionFix":true,"image":{"tileId":273,"characterName":"","characterIndex":0,"direction":2,"pattern":0},"list":[{"code":117,"indent":0,"parameters":[1]},{"code":0,"indent":0,"parameters":[]}],"moveFrequency":3,"moveRoute":{"list":[{"code":0,"parameters":[]}],"repeat":true,"skippable":false,"wait":false},"moveSpeed":3,"moveType":0,"priorityType":2,"stepAnime":false,"through":false,"trigger":0,"walkAnime":false},{"conditions":{"actorId":1,"actorValid":false,"itemId":1,"itemValid":false,"selfSwitchCh":"A","selfSwitchValid":false,"switch1Id":2,"switch1Valid":true,"switch2Id":1,"switch2Valid":false,"variableId":1,"variableValid":false,"variableValue":0},"directionFix":true,"image":{"tileId":273,"characterName":"","characterIndex":0,"direction":2,"pattern":0},"list":[{"code":0,"indent":0,"parameters":[]}],"moveFrequency":3,"moveRoute":{"list":[{"code":0,"parameters":[]}],"repeat":true,"skippable":false,"wait":false},"moveSpeed":3,"moveType":0,"priorityType":0,"stepAnime":false,"through":false,"trigger":0,"walkAnime":false}],"x":2,"y":2},
null
]
}