{
"autoplayBgm":true,"autoplayBgs":false,"battleback1Name":"","battleback2Name":"","bgm":{"name":"kitchen_beta","pan":0,"pitch":100,"volume":90},"bgs":{"name":"","pan":0,"pitch":100,"volume":90},"disableDashing":false,"displayName":"","encounterList":[],"encounterStep":30,"height":10,"note":"","parallaxLoopX":false,"parallaxLoopY":false,"parallaxName":"","parallaxShow":true,"parallaxSx":0,"parallaxSy":0,"scrollType":0,"specifyBattleback":false,"tilesetId":14,"width":15,
"data":[6056,6419,6418,6418,6418,6418,6418,6418,6418,6418,6418,6418,6418,6422,6048,6056,6425,6424,6424,6424,6424,6424,6424,6424,6424,6424,6424,6424,6428,6072,6056,3378,3364,3364,3364,3364,3380,2906,3282,3268,3268,3268,3268,3284,6423,6070,3360,3344,3344,3344,3344,3368,2896,3264,3248,3248,3248,3248,3272,6429,6423,3384,3372,3372,3372,3372,3382,2908,3264,3248,3248,3248,3248,3254,3281,6429,3282,3268,3268,3268,3268,3268,3268,3249,3248,3248,3248,3248,3272,6066,3281,3257,3248,3248,3248,3248,3248,3248,3248,3248,3248,3248,3248,3272,6048,6068,3264,3248,3248,3248,3248,3248,3248,3248,3248,3248,3248,3248,3272,6048,6056,3288,3276,3276,3276,3276,3276,3276,3276,3276,3276,3276,3276,3286,6048,6034,6052,6052,6052,6052,6052,6052,6052,6052,6052,6052,6052,6052,6052,6033,0,0,0,0,0,0,0,0,0,0,0,0,0,0,0,0,0,0,0,0,0,0,0,0,0,0,0,0,0,0,0,3474,3460,3460,3460,3460,3460,3476,0,0,0,0,0,0,0,0,3456,3440,3440,3440,3440,3440,3464,0,0,0,0,0,0,0,0,3480,3468,3468,3468,3468,3468,3478,0,0,0,0,0,0,0,0,0,0,0,0,0,0,0,0,0,0,0,0,0,0,0,0,0,0,0,0,0,0,0,0,0,0,0,0,0,0,0,0,0,0,0,0,0,0,0,0,0,0,0,0,0,0,0,0,0,0,0,0,0,0,0,0,0,0,0,0,0,0,0,0,0,0,0,0,0,0,0,0,0,0,0,0,0,0,0,0,0,0,0,0,0,0,0,0,0,0,31,45,494,45,45,45,72,0,0,974,975,0,941,0,0,0,98,0,120,121,0,80,0,0,0,0,0,0,0,0,0,0,0,0,0,0,0,0,0,0,0,0,0,0,0,0,0,44,0,0,45,47,0,0,0,0,0,0,0,0,0,0,0,0,0,0,0,0,0,336,344,0,0,0,0,0,0,0,0,0,0,0,0,0,0,0,0,0,0,0,0,0,0,624,624,0,0,0,0,0,0,0,1000,0,0,949,0,0,296,0,298,0,0,0,778,0,778,984,0,0,0,0,0,0,0,0,0,0,0,0,0,0,0,0,0,449,133,486,0,0,139,468,469,235,838,839,388,0,0,0,457,141,224,200,201,147,476,477,243,846,847,0,807,0,0,465,99,232,100,100,101,326,0,929,0,0,0,815,0,0,0,0,0,128,129,0,80,0,937,805,806,0,0,0,0,0,0,835,45,45,156,134,0,0,329,330,0,0,0,0,0,0,98,98,98,98,98,0,0,770,771,0,0,0,0,0,0,0,0,0,0,0,0,0,337,338,0,992,0,0,941,0,657,327,829,624,640,0,0,0,0,0,772,0,0,930,0,665,632,632,632,648,0,795,786,778,796,780,0,0,0,0,0,0,0,0,0,0,0,0,0,0,0,0,0,0,0,0,0,0,0,0,0,0,0,0,0,0,0,0,0,0,0,0,0,0,0,0,0,0,0,0,0,0,0,5,0,0,0,0,0,0,0,0,0,0,0,0,0,0,5,0,0,0,0,0,0,0,0,0,0,0,0,0,0,5,0,0,0,0,0,0,0,0,0,0,0,0,0,0,5,0,0,0,0,0,0,0,0,0,0,0,0,0,0,0,0,0,0,0,0,0,0,0,0,0,0,0,0,0,0,0,0,0,0,0,0,0,0,0,0,0,0,0,0,5,0,0,0,0,0,0,0,0,0,0,0,0,0,0,0,0,0,0,0,0,0,0,0,0,0,0,0,0,0,0,0,0,0,0,0,0,0,0,0,0,0,0,0,0,0,0,0,0,0,0,0,0,0,0,0,0,0,0,0,0,0,0,0,0,0,0,0,0,0,0,0,0,0,0,0,0,0,0,0,0,0,0,0,0,0,0,0,0,0,0,0,0,0,0,0,0,0,0,0,0,0,0,0,0,0,0,0,0,0,0,0,0,0,0,0,0,0,0,0,0,0,0,0,0,0,0,0,0,0,0,0,0,0,0,0,0,0,0,0,0,0,0,0,0,0,0,0,0,0,0,0,0,0,0,0,0,0,0,1,0,0,0,0,0,0,0,0,0,0,0,0,0,0,0,0,0,0,0],
"events":[
null,
{"id":1,"name":"AutoRunEvents","note":"","pages":[{"conditions":{"actorId":1,"actorValid":false,"itemId":1,"itemValid":false,"selfSwitchCh":"A","selfSwitchValid":false,"switch1Id":1,"switch1Valid":false,"switch2Id":1,"switch2Valid":false,"variableId":1,"variableValid":false,"variableValue":0},"directionFix":false,"image":{"characterIndex":0,"characterName":"","direction":2,"pattern":0,"tileId":0},"list":[{"code":222,"indent":0,"parameters":[]},{"code":101,"indent":0,"parameters":["",0,1,0]},{"code":401,"indent":0,"parameters":["\\n<Olivia>She\\..\\..\\.. \\.she picked me up.\\.\\.<br>She picked me up, \\.but she's not here."]},{"code":121,"indent":0,"parameters":[14,14,1]},{"code":123,"indent":0,"parameters":["A",0]},{"code":0,"indent":0,"parameters":[]}],"moveFrequency":3,"moveRoute":{"list":[{"code":0,"parameters":[]}],"repeat":true,"skippable":false,"wait":false},"moveSpeed":3,"moveType":0,"priorityType":0,"stepAnime":false,"through":false,"trigger":3,"walkAnime":true},{"conditions":{"actorId":1,"actorValid":false,"itemId":1,"itemValid":false,"selfSwitchCh":"A","selfSwitchValid":true,"switch1Id":1,"switch1Valid":false,"switch2Id":1,"switch2Valid":false,"variableId":1,"variableValid":false,"variableValue":0},"directionFix":false,"image":{"characterIndex":0,"characterName":"","direction":2,"pattern":0,"tileId":0},"list":[{"code":0,"indent":0,"parameters":[]}],"moveFrequency":3,"moveRoute":{"list":[{"code":0,"parameters":[]}],"repeat":true,"skippable":false,"wait":false},"moveSpeed":3,"moveType":0,"priorityType":0,"stepAnime":false,"through":false,"trigger":0,"walkAnime":true}],"x":0,"y":0},
{"id":2,"name":"EV002","note":"","pages":[{"conditions":{"actorId":1,"actorValid":false,"itemId":1,"itemValid":false,"selfSwitchCh":"A","selfSwitchValid":false,"switch1Id":1,"switch1Valid":false,"switch2Id":1,"switch2Valid":false,"variableId":1,"variableValid":false,"variableValue":0},"directionFix":false,"image":{"characterIndex":0,"characterName":"","direction":2,"pattern":0,"tileId":0},"list":[{"code":111,"indent":0,"parameters":[1,19,0,1,0]},{"code":111,"indent":1,"parameters":[1,20,0,2,0]},{"code":101,"indent":2,"parameters":["",0,1,0]},{"code":401,"indent":2,"parameters":["\\n<Olivia><br>\\..\\..\\.."]},{"code":101,"indent":2,"parameters":["",0,1,0]},{"code":401,"indent":2,"parameters":["\\n<Olivia><br>Here goes."]},{"code":242,"indent":2,"parameters":[2]},{"code":221,"indent":2,"parameters":[]},{"code":111,"indent":2,"parameters":[0,3,0]},{"code":121,"indent":3,"parameters":[3,3,1]},{"code":0,"indent":3,"parameters":[]},{"code":412,"indent":2,"parameters":[]},{"code":121,"indent":2,"parameters":[8,8,0]},{"code":322,"indent":2,"parameters":[1,"",0,"Olivia_face_2",0,""]},{"code":201,"indent":2,"parameters":[0,7,0,3,0,0]},{"code":222,"indent":2,"parameters":[]},{"code":0,"indent":2,"parameters":[]},{"code":411,"indent":1,"parameters":[]},{"code":111,"indent":2,"parameters":[1,20,0,1,0]},{"code":231,"indent":3,"parameters":[2,"2pieces",0,0,0,0,100,100,255,0]},{"code":101,"indent":3,"parameters":["",0,1,0]},{"code":401,"indent":3,"parameters":["\\n<Olivia>No, \\.no. \\.This feels wrong. \\.There's something missing, \\.I can \\fifeel \\frit."]},{"code":235,"indent":3,"parameters":[2]},{"code":356,"indent":3,"parameters":["AltMovement move player left 1"]},{"code":0,"indent":3,"parameters":[]},{"code":411,"indent":2,"parameters":[]},{"code":231,"indent":3,"parameters":[1,"1piece",0,0,0,0,100,100,255,0]},{"code":101,"indent":3,"parameters":["",0,1,0]},{"code":401,"indent":3,"parameters":["\\n<Olivia>\\.I don't think it's a good idea to leave yet. \\.Somehow, \\.I just\\..\\..\\.. \\.don't feel ready."]},{"code":235,"indent":3,"parameters":[1]},{"code":356,"indent":3,"parameters":["AltMovement move player left 1"]},{"code":0,"indent":3,"parameters":[]},{"code":412,"indent":2,"parameters":[]},{"code":0,"indent":2,"parameters":[]},{"code":412,"indent":1,"parameters":[]},{"code":0,"indent":1,"parameters":[]},{"code":411,"indent":0,"parameters":[]},{"code":101,"indent":1,"parameters":["",0,1,0]},{"code":401,"indent":1,"parameters":["\\n<Olivia>If I'm going to find Willow, \\.I'll want to take the car. \\.Where'd I leave my keys?"]},{"code":0,"indent":1,"parameters":[]},{"code":412,"indent":0,"parameters":[]},{"code":0,"indent":0,"parameters":[]}],"moveFrequency":3,"moveRoute":{"list":[{"code":0,"parameters":[]}],"repeat":true,"skippable":false,"wait":false},"moveSpeed":3,"moveType":0,"priorityType":0,"stepAnime":false,"through":true,"trigger":1,"walkAnime":true}],"x":14,"y":4},
{"id":3,"name":"FindTile1","note":"","pages":[{"conditions":{"actorId":1,"actorValid":false,"itemId":6,"itemValid":false,"selfSwitchCh":"A","selfSwitchValid":false,"switch1Id":1,"switch1Valid":false,"switch2Id":1,"switch2Valid":false,"variableId":1,"variableValid":false,"variableValue":0},"directionFix":true,"image":{"tileId":0,"characterName":"!Flame","direction":8,"pattern":0,"characterIndex":6},"list":[{"code":101,"indent":0,"parameters":["",0,1,0]},{"code":401,"indent":0,"parameters":["\\n<Olivia><br>Half-eaten. \\.Willow doesn't leave food half-eaten."]},{"code":101,"indent":0,"parameters":["",0,1,0]},{"code":401,"indent":0,"parameters":["\\n<Olivia>\\..\\..\\..And she doesn't leave promises half-fulfilled. \\.She \\fipromised \\frto see me home. \\.She always does."]},{"code":101,"indent":0,"parameters":["",0,1,0]},{"code":401,"indent":0,"parameters":["\\n<Olivia><br>So where is she\\..\\..\\..\\.?"]},{"code":122,"indent":0,"parameters":[20,20,1,0,1]},{"code":123,"indent":0,"parameters":["A",0]},{"code":0,"indent":0,"parameters":[]}],"moveFrequency":3,"moveRoute":{"list":[{"code":0,"parameters":[]}],"repeat":true,"skippable":false,"wait":false},"moveSpeed":3,"moveType":0,"priorityType":1,"stepAnime":true,"through":false,"trigger":0,"walkAnime":false},{"conditions":{"actorId":1,"actorValid":false,"itemId":6,"itemValid":false,"selfSwitchCh":"A","selfSwitchValid":true,"switch1Id":1,"switch1Valid":false,"switch2Id":1,"switch2Valid":false,"variableId":1,"variableValid":false,"variableValue":0},"directionFix":false,"image":{"tileId":0,"characterName":"","direction":8,"pattern":0,"characterIndex":6},"list":[{"code":0,"indent":0,"parameters":[]}],"moveFrequency":3,"moveRoute":{"list":[{"code":0,"parameters":[]}],"repeat":true,"skippable":false,"wait":false},"moveSpeed":3,"moveType":0,"priorityType":1,"stepAnime":false,"through":false,"trigger":0,"walkAnime":true}],"x":4,"y":7},
{"id":4,"name":"Couch","note":"","pages":[{"conditions":{"actorId":1,"actorValid":false,"itemId":1,"itemValid":false,"selfSwitchCh":"A","selfSwitchValid":false,"switch1Id":14,"switch1Valid":true,"switch2Id":1,"switch2Valid":false,"variableId":19,"variableValid":false,"variableValue":1},"directionFix":true,"image":{"tileId":0,"characterName":"!Flame","direction":8,"pattern":0,"characterIndex":6},"list":[{"code":101,"indent":0,"parameters":["",0,1,0]},{"code":401,"indent":0,"parameters":["\\n<Olivia><br>H\\.-hold on. \\.These aren't mine."]},{"code":101,"indent":0,"parameters":["",0,1,0]},{"code":401,"indent":0,"parameters":["\\n<Olivia>These are Willow's keys\\..\\..\\.. \\.and they're in the \\ficouch \\frinstead of her key holder."]},{"code":101,"indent":0,"parameters":["",0,1,0]},{"code":401,"indent":0,"parameters":["\\n<Olivia>What's going on?<br>\\.\\.\\{Willow?\\}\\|\\.\\fiThis isn't funny!"]},{"code":122,"indent":0,"parameters":[19,19,0,0,1]},{"code":123,"indent":0,"parameters":["A",0]},{"code":0,"indent":0,"parameters":[]}],"moveFrequency":3,"moveRoute":{"list":[{"code":0,"parameters":[]}],"repeat":true,"skippable":false,"wait":false},"moveSpeed":3,"moveType":0,"priorityType":1,"stepAnime":true,"through":false,"trigger":0,"walkAnime":false},{"conditions":{"actorId":1,"actorValid":false,"itemId":1,"itemValid":false,"selfSwitchCh":"A","selfSwitchValid":true,"switch1Id":1,"switch1Valid":false,"switch2Id":1,"switch2Valid":false,"variableId":1,"variableValid":false,"variableValue":0},"directionFix":true,"image":{"tileId":0,"characterName":"","direction":8,"pattern":0,"characterIndex":6},"list":[{"code":0,"indent":0,"parameters":[]}],"moveFrequency":3,"moveRoute":{"list":[{"code":0,"parameters":[]}],"repeat":true,"skippable":false,"wait":false},"moveSpeed":3,"moveType":0,"priorityType":1,"stepAnime":true,"through":false,"trigger":0,"walkAnime":false}],"x":10,"y":3},
{"id":5,"name":"FindTile1","note":"","pages":[{"conditions":{"actorId":1,"actorValid":false,"itemId":6,"itemValid":false,"selfSwitchCh":"A","selfSwitchValid":false,"switch1Id":1,"switch1Valid":false,"switch2Id":1,"switch2Valid":false,"variableId":1,"variableValid":false,"variableValue":0},"directionFix":true,"image":{"tileId":0,"characterName":"!Flame","direction":8,"pattern":0,"characterIndex":6},"list":[{"code":101,"indent":0,"parameters":["",0,1,0]},{"code":401,"indent":0,"parameters":["\\n<Olivia><br>It's a note from her."]},{"code":101,"indent":0,"parameters":["",0,1,0]},{"code":401,"indent":0,"parameters":["\\n<Olivia>\\..\\..\\..\\.saying she'll pick me up at two unless Kyle calls earlier."]},{"code":101,"indent":0,"parameters":["",0,1,0]},{"code":401,"indent":0,"parameters":["\\n<Olivia>Do I really stay out that late?"]},{"code":401,"indent":0,"parameters":["<br>\\.\\.She\\..\\..\\.. really stays up that long for me, \\. doesn't she?"]},{"code":122,"indent":0,"parameters":[20,20,1,0,1]},{"code":123,"indent":0,"parameters":["A",0]},{"code":0,"indent":0,"parameters":[]}],"moveFrequency":3,"moveRoute":{"list":[{"code":0,"parameters":[]}],"repeat":true,"skippable":false,"wait":false},"moveSpeed":3,"moveType":0,"priorityType":2,"stepAnime":true,"through":false,"trigger":0,"walkAnime":false},{"conditions":{"actorId":1,"actorValid":false,"itemId":6,"itemValid":false,"selfSwitchCh":"A","selfSwitchValid":true,"switch1Id":1,"switch1Valid":false,"switch2Id":1,"switch2Valid":false,"variableId":1,"variableValid":false,"variableValue":0},"directionFix":false,"image":{"tileId":0,"characterName":"","direction":8,"pattern":0,"characterIndex":6},"list":[{"code":0,"indent":0,"parameters":[]}],"moveFrequency":3,"moveRoute":{"list":[{"code":0,"parameters":[]}],"repeat":true,"skippable":false,"wait":false},"moveSpeed":3,"moveType":0,"priorityType":2,"stepAnime":false,"through":false,"trigger":0,"walkAnime":true}],"x":3,"y":4},
null,
{"id":7,"name":"Couch","note":"","pages":[{"conditions":{"actorId":1,"actorValid":false,"itemId":1,"itemValid":false,"selfSwitchCh":"A","selfSwitchValid":false,"switch1Id":1,"switch1Valid":false,"switch2Id":1,"switch2Valid":false,"variableId":1,"variableValid":false,"variableValue":0},"directionFix":true,"image":{"tileId":0,"characterName":"!Flame","direction":8,"pattern":0,"characterIndex":6},"list":[{"code":101,"indent":0,"parameters":["",0,1,0]},{"code":401,"indent":0,"parameters":["\\n<Olivia>\\fiMy \\frkeys are probably under the rug again. \\.I'll have to pat around for this one."]},{"code":201,"indent":0,"parameters":[0,9,1,0,2,0]},{"code":123,"indent":0,"parameters":["A",0]},{"code":0,"indent":0,"parameters":[]}],"moveFrequency":3,"moveRoute":{"list":[{"code":0,"parameters":[]}],"repeat":true,"skippable":false,"wait":false},"moveSpeed":3,"moveType":0,"priorityType":0,"stepAnime":true,"through":true,"trigger":0,"walkAnime":false},{"conditions":{"actorId":1,"actorValid":false,"itemId":1,"itemValid":false,"selfSwitchCh":"A","selfSwitchValid":true,"switch1Id":1,"switch1Valid":false,"switch2Id":1,"switch2Valid":false,"variableId":1,"variableValid":false,"variableValue":0},"directionFix":true,"image":{"tileId":0,"characterName":"","direction":8,"pattern":0,"characterIndex":6},"list":[{"code":0,"indent":0,"parameters":[]}],"moveFrequency":3,"moveRoute":{"list":[{"code":0,"parameters":[]}],"repeat":true,"skippable":false,"wait":false},"moveSpeed":3,"moveType":0,"priorityType":0,"stepAnime":true,"through":false,"trigger":0,"walkAnime":false}],"x":11,"y":6}
]
}