[
null,
{"id":1,"expanded":true,"name":"Bedroom","order":3,"parentId":0,"scrollX":595.6363636363636,"scrollY":335.27272727272725},
{"id":2,"expanded":true,"name":"Bathroom","order":1,"parentId":0,"scrollX":595.6363636363636,"scrollY":335.27272727272725},
{"id":3,"expanded":true,"name":"slidingPuzzle1","order":2,"parentId":2,"scrollX":595.6363636363636,"scrollY":335.27272727272725},
{"id":4,"expanded":false,"name":"computer","order":6,"parentId":1,"scrollX":595.6363636363636,"scrollY":335.27272727272725},
{"id":5,"expanded":false,"name":"Bedroom2","order":5,"parentId":1,"scrollX":595.6363636363636,"scrollY":335.27272727272725},
{"id":6,"expanded":true,"name":"slidingPuzzle2","order":4,"parentId":1,"scrollX":595.6363636363636,"scrollY":335.27272727272725},
{"id":7,"expanded":true,"name":"slidingPuzzle3","order":9,"parentId":8,"scrollX":595.6363636363636,"scrollY":335.27272727272725},
{"id":8,"expanded":true,"name":"Kitchen/Living_Room","order":7,"parentId":0,"scrollX":595.6363636363636,"scrollY":335.27272727272725},
{"id":9,"expanded":false,"name":"KeyMaze","order":8,"parentId":8,"scrollX":589.8181818181819,"scrollY":576.7272727272727}
]